N,P,K,temperature,humidity,ph,rainfall,label
90,42,43,20.87974371,82.00274423,6.502985292,202.9355362,rice
85,58,41,21.77046169,80.31964408,7.038096361,226.6555374,rice
60,55,44,23.00445915,82.3207629,7.840207144,263.9642476,rice
74,35,40,26.49109635,80.15836264,6.980400905,242.8640342,rice
78,42,42,20.13017482,81.60487287,7.628472891,262.7173405,rice
69,37,42,23.05804872,83.37011772,7.073453503,251.0549998,rice
69,55,38,22.70883798,82.63941394,5.70080568,271.3248604,rice
94,53,40,20.27774362,82.89408619,5.718627178,241.9741949,rice
89,54,38,24.51588066,83.5352163,6.685346424,230.4462359,rice
68,58,38,23.22397386,83.03322691,6.336253525,221.2091958,rice
91,53,40,26.52723513,81.41753846,5.386167788,264.6148697,rice
90,46,42,23.97898217,81.45061596,7.50283396,250.0832336,rice
78,58,44,26.80079604,80.88684822,5.108681786,284.4364567,rice
93,56,36,24.01497622,82.05687182,6.98435366,185.2773389,rice
94,50,37,25.66585205,80.66385045,6.94801983,209.5869708,rice
60,48,39,24.28209415,80.30025587,7.042299069,231.0863347,rice
85,38,41,21.58711777,82.7883708,6.249050656,276.6552459,rice
91,35,39,23.79391957,80.41817957,6.970859754,206.2611855,rice
77,38,36,21.8652524,80.1923008,5.953933276,224.5550169,rice
88,35,40,23.57943626,83.58760316,5.85393208,291.2986618,rice
89,45,36,21.32504158,80.47476396,6.442475375,185.4974732,rice
76,40,43,25.15745531,83.11713476,5.070175667,231.3843163,rice
67,59,41,21.94766735,80.97384195,6.012632591,213.3560921,rice
83,41,43,21.0525355,82.67839517,6.254028451,233.1075816,rice
98,47,37,23.48381344,81.33265073,7.375482851,224.0581164,rice
66,53,41,25.0756354,80.52389148,7.778915154,257.0038865,rice
97,59,43,26.35927159,84.04403589,6.286500176,271.3586137,rice
97,50,41,24.52922681,80.54498576,7.070959995,260.2634026,rice
60,49,44,20.77576147,84.49774397,6.244841491,240.0810647,rice
84,51,35,22.30157427,80.64416466,6.043304899,197.9791215,rice
73,57,41,21.44653958,84.94375962,5.824709117,272.2017204,rice
92,35,40,22.17931888,80.33127223,6.357389366,200.0882787,rice
85,37,39,24.52783742,82.73685569,6.364134968,224.6757231,rice
98,53,38,20.26707606,81.63895217,5.01450727,270.4417274,rice
88,54,44,25.7354293,83.88266234,6.149410611,233.1321372,rice
95,55,42,26.79533926,82.1480873,5.950660556,193.3473987,rice
99,57,35,26.75754171,81.17734011,5.960370061,272.2999056,rice
95,39,36,23.86330467,83.15250801,5.561398642,285.2493645,rice
60,43,44,21.01944696,82.95221726,7.416245107,298.4018471,rice
63,44,41,24.17298839,83.7287574,5.583370042,257.0343554,rice
62,42,36,22.78133816,82.06719137,6.430010215,248.7183228,rice
64,45,43,25.62980105,83.52842314,5.534878156,209.9001977,rice
83,60,36,25.59704938,80.14509262,6.903985986,200.834898,rice
82,40,40,23.83067496,84.81360127,6.271478838,298.5601175,rice
85,52,45,26.31355498,82.36698992,7.224285503,265.5355937,rice
91,35,38,24.8972823,80.52586088,6.13428721,183.6793207,rice
76,49,42,24.958779,84.47963372,5.206373153,196.9560008,rice
74,39,38,23.24113501,84.59201843,7.782051313,233.0453455,rice
79,43,39,21.66628296,80.70960551,7.062779015,210.8142087,rice
88,55,45,24.63544858,80.41363018,7.730367824,253.7202781,rice
60,36,43,23.43121862,83.06310136,5.286203711,219.9048349,rice
76,60,39,20.0454142,80.3477562,6.766240045,208.5810155,rice
93,56,42,23.85724032,82.22572988,7.382762603,195.0948311,rice
65,60,43,21.97199397,81.89918197,5.658169482,227.3637009,rice
95,52,36,26.22916897,83.83625819,5.543360238,286.5083725,rice
75,38,39,23.44676801,84.79352417,6.215109715,283.9338466,rice
74,54,38,25.65553461,83.47021081,7.120272972,217.3788583,rice
91,36,45,24.44345477,82.45432595,5.950647577,267.9761948,rice
71,46,40,20.2801937,82.1235421,7.236705436,191.9535738,rice
99,55,35,21.7238313,80.2389895,6.501697816,277.9626192,rice
72,40,38,20.41447029,82.20802629,7.592490617,245.1511304,rice
83,58,45,25.75528612,83.51827127,5.875345751,245.6626799,rice
93,58,38,20.61521424,83.77345559,6.932400225,279.5451717,rice
70,36,42,21.84106875,80.72886384,6.946209881,202.3838319,rice
76,47,42,20.08369642,83.29114712,5.739175027,263.6372176,rice
99,41,36,24.45802087,82.74835604,6.738652179,182.5616319,rice
99,54,37,21.14347496,80.33502926,5.594819626,198.6730942,rice
86,59,35,25.78720567,82.11124033,6.946636369,243.5120414,rice
69,46,41,23.64124821,80.28597873,5.012139669,263.1103304,rice
91,56,37,23.43191632,80.56887849,6.363472208,269.5039162,rice
61,52,41,24.97669518,83.891805,6.880431223,204.8001847,rice
67,45,38,22.72791041,82.1706881,7.300410836,260.8875056,rice
79,42,37,24.87300744,82.84022551,6.587918708,295.6094492,rice
78,43,42,21.32376327,83.00320459,7.283736617,192.3197536,rice
75,54,36,26.29465461,84.56919326,7.023936392,257.4914906,rice
97,36,45,22.2286982,81.85872947,6.939083505,278.0791793,rice
67,47,44,26.73072391,81.78596776,7.868474653,280.4044392,rice
73,35,38,24.88921174,81.97927117,5.005306977,185.9461429,rice
77,36,37,26.88444878,81.46033732,6.136131869,194.5766559,rice
81,41,38,22.67846116,83.72874389,7.524080076,200.9133156,rice
68,57,43,26.08867875,80.37979919,5.706943251,182.9043504,rice
72,45,35,25.42977518,82.94682591,5.758506323,195.3574542,rice
61,53,43,26.40323239,81.05635517,6.349606327,223.3671883,rice
67,43,39,26.04371967,84.96907151,5.999969026,186.7536773,rice
67,58,39,25.2827223,80.54372813,5.453592032,220.1156708,rice
66,60,38,22.08576562,83.47038318,6.372576327,231.7364957,rice
82,43,38,23.28617173,81.43321641,5.105588355,242.3170629,rice
84,50,44,25.48591986,81.40633547,5.935344406,182.6549356,rice
81,53,42,23.67575393,81.03569343,5.17782304,233.7034975,rice
91,50,40,20.82477109,84.1341879,6.462391607,230.2242223,rice
93,53,38,26.92995077,81.91411159,7.069172227,290.6793783,rice
90,44,38,23.83509503,83.88387074,7.473134377,241.2013513,rice
81,45,35,26.52872817,80.12267476,6.158376967,218.9163567,rice
78,40,38,26.46428311,83.85642678,7.549873681,248.2256491,rice
60,51,36,22.69657794,82.81088865,6.028321558,256.9964761,rice
88,46,42,22.68319059,83.46358271,6.604993475,194.2651719,rice
93,47,37,21.53346343,82.14004101,6.500343222,295.9248796,rice
60,55,45,21.40865769,83.3293191,5.935745417,287.5766935,rice
78,35,44,26.54348085,84.67353597,7.072655622,183.6222657,rice
65,37,40,23.35905428,83.59512273,5.333322606,188.413665,rice
71,54,16,22.61359953,63.69070564,5.749914421,87.75953857,maize
61,44,17,26.10018422,71.57476937,6.931756558,102.2662445,maize
80,43,16,23.55882094,71.59351368,6.657964753,66.71995467,maize
73,58,21,19.97215954,57.68272924,6.596060648,60.65171481,maize
61,38,20,18.47891261,62.69503871,5.970458434,65.43835393,maize
68,41,16,21.77689322,57.80840636,6.158830619,102.0861694,maize
93,41,17,25.6217169,66.50415474,6.047906679,105.4654703,maize
89,60,19,25.19192419,66.6902901,5.913664501,78.06639649,maize
76,44,17,20.41683147,62.5542482,5.855442401,65.27798457,maize
67,60,25,24.92162194,66.78627406,5.750254943,109.2162279,maize
70,44,19,23.31689124,73.4541537,5.852607099,94.29712821,maize
90,49,21,24.84016732,68.3584573,6.472523287,74.05474936,maize
62,52,16,22.27526694,58.84015925,6.967057762,63.87020584,maize
92,44,16,18.87751445,65.76816093,6.082973754,94.76189431,maize
66,54,21,25.19008683,60.2001687,5.919045532,72.12375573,maize
63,58,22,18.25405352,55.28220433,6.204747653,63.72358154,maize
70,47,17,24.6129118,70.4162444,6.600827017,104.1626147,maize
61,41,17,25.1420613,65.26185135,6.021902237,76.68456006,maize
66,53,19,23.09348056,60.1159381,6.033550195,65.49730729,maize
74,55,19,18.05033737,62.89366992,6.28886807,84.23613484,maize
77,57,21,24.9321581,73.80435276,6.550563823,79.74078719,maize
99,50,15,18.14710054,71.09445342,5.573286437,88.07753741,maize
74,56,22,18.28362235,66.65952796,6.829199275,80.97573281,maize
83,45,21,18.83344471,58.75082029,5.716222912,79.7532896,maize
100,48,16,25.71895816,67.22190688,5.54990242,74.51490791,maize
79,51,16,25.33797709,68.49835977,6.586244581,96.46380213,maize
94,39,18,23.89114571,57.48775781,5.893093135,102.8301942,maize
75,49,15,21.53574127,71.50905983,5.918263801,102.4852929,maize
78,48,22,23.08974909,63.10459626,5.588650585,70.43473609,maize
87,54,20,25.61707368,63.4711755,6.576418207,108.8303762,maize
87,35,25,21.44526922,63.1621551,6.178056304,65.88951188,maize
63,43,19,18.51816776,55.53128131,6.641906353,90.988051,maize
84,57,25,22.53510514,67.99257471,6.489040367,64.40866039,maize
64,35,23,23.02038334,61.89472002,5.680361038,63.03843397,maize
60,46,22,24.89364635,65.61418761,6.625404348,87.9298085,maize
98,44,21,25.77175115,74.089114,6.524478032,107.4931917,maize
75,56,18,19.39851734,62.35750641,5.696205468,60.95197486,maize
86,55,21,21.54156232,59.64024162,6.803931519,109.7515385,maize
98,35,18,23.79746068,74.82913698,6.252797548,91.76337172,maize
76,57,18,18.9802729,74.52600826,6.092725883,94.26249353,maize
99,56,17,24.10859207,73.13112261,6.234330356,71.07562236,maize
60,44,23,24.7947077,70.04556743,5.722579819,76.72860067,maize
74,48,17,21.63162756,60.27766379,6.430616465,69.21803098,maize
89,60,17,25.37548751,57.21025565,5.983952675,101.7004306,maize
69,51,23,22.21738222,72.85462807,6.80163854,106.6213157,maize
96,46,22,20.58314011,69.00128641,6.499936446,66.29390357,maize
61,60,15,24.87502824,68.74248334,6.265564338,91.26056654,maize
74,58,18,20.03728219,56.35606753,6.727303282,109.024141,maize
74,43,23,25.95263264,61.89082199,6.325235159,99.57981207,maize
63,43,17,19.28889933,65.47050802,6.807487794,71.3195307,maize
99,36,20,20.57981887,65.34583901,6.671085817,78.34604471,maize
77,36,23,24.71417533,56.73426469,6.648725327,88.45361858,maize
87,60,23,20.27317074,63.91281869,6.439071996,62.50351892,maize
60,38,17,18.41932981,64.23580251,6.474476516,76.41312437,maize
94,54,17,23.39128187,61.74427165,5.871647806,107.3198135,maize
95,38,22,19.84939404,61.24500053,5.730617109,100.7689246,maize
84,44,21,21.869274,61.91044947,5.850439831,107.2681929,maize
77,58,19,22.8056033,56.50768935,5.791649933,101.5952794,maize
66,44,20,19.0781471,69.02298571,6.740000688,80.72515943,maize
63,35,16,22.02720976,65.35549924,6.272417541,83.73280082,maize
79,45,20,23.80546189,59.24537979,5.715208817,89.9622014,maize
72,60,25,18.52510753,69.0276233,5.773454729,88.10234397,maize
67,51,24,23.50297882,61.32026065,5.584171461,64.77791424,maize
86,36,24,26.54986394,72.89187265,5.787268394,73.33636055,maize
76,48,18,19.29563411,69.63481219,5.77597783,83.21030571,maize
75,53,18,20.68899915,59.4375337,6.864793607,103.651438,maize
81,45,23,19.32666088,68.034493,6.192360003,84.22969177,maize
73,45,21,24.60532218,73.58868502,6.636803223,96.59195302,maize
71,35,24,22.27373646,59.52193158,5.826426917,67.96704792,maize
96,54,22,25.70196694,61.33450447,6.960358276,83.20711308,maize
99,39,18,19.20129357,68.30578978,6.11275104,87.85092352,maize
62,48,20,21.70181447,60.47470519,6.708446922,95.71388473,maize
86,37,16,20.51716779,59.21235483,5.561510732,67.61013737,maize
94,50,19,23.30355338,73.62548442,5.873242491,97.59081274,maize
76,39,24,24.2547451,55.64709899,6.995843776,64.23845455,maize
77,52,17,24.86374934,65.7420046,5.714799723,75.82270467,maize
74,39,23,22.6265115,65.77472881,6.78073637,88.17251033,maize
81,49,20,18.04185513,60.61494304,5.513697923,104.2321615,maize
63,42,21,23.26237612,72.33125523,5.798423908,67.10225139,maize
99,38,21,22.88330922,71.59722446,6.352471866,67.72777298,maize
90,52,25,25.97482359,69.36385721,6.822586546,103.2234212,maize
68,40,19,26.14384005,66.20569924,6.655426355,107.2361366,maize
60,57,24,18.66116213,61.55327249,6.121294041,75.03247667,maize
71,52,18,25.10787449,55.97732754,5.790770203,78.16077693,maize
61,59,17,23.33844615,59.24580604,6.47444292,105.0083144,maize
88,38,15,25.08239719,65.92195844,6.455116637,62.49190812,maize
65,60,22,25.36768364,72.52054555,6.606984086,107.9124111,maize
78,37,22,25.34217103,63.31801994,6.330554389,74.52082026,maize
78,58,15,25.00933355,67.816568,6.528631266,62.91359494,maize
92,60,23,18.66746724,71.516474,5.721667141,69.93293255,maize
79,59,17,20.37999665,63.73849998,6.644205485,108.5054416,maize
91,55,15,18.09300227,72.61024172,6.376651091,78.96159541,maize
76,51,18,26.16985907,71.96246617,6.247040422,79.84925393,maize
87,48,25,18.65396672,61.37879671,6.656730008,93.62039175,maize
71,60,22,26.07470121,59.37147589,6.2048017,85.75692395,maize
90,57,24,18.92851916,72.80086137,6.158860284,82.34162918,maize
67,35,22,23.30546753,63.24648023,6.385684214,108.7603001,maize
60,54,19,18.74826712,62.49878458,6.417820493,70.23401597,maize
83,58,23,19.74213321,59.66263104,6.381201909,65.50861389,maize
83,57,19,25.73044432,70.74739256,6.877869005,98.73771338,maize
3,49,18,27.91095209,64.70930606,3.692863601,32.67891866,mothbeans
22,59,23,27.32220619,51.27868781,4.371745575,36.5037914,mothbeans
36,58,25,28.66024187,59.3189118,8.399135958,36.92629678,mothbeans
4,43,18,29.02955344,61.09387478,8.840656256,72.98016599,mothbeans
29,54,16,27.78031515,54.65030015,8.153022903,32.05025323,mothbeans
32,43,22,31.99928579,54.1077461,5.270749441,71.6266696,mothbeans
14,55,15,27.33580911,55.27755933,8.050304395,73.44775287,mothbeans
5,35,20,28.92952635,53.57014709,9.679240873,66.35634104,mothbeans
25,57,24,27.65472156,58.59986279,6.974978386,36.94255012,mothbeans
11,53,24,28.52396666,55.77264351,7.39389918,61.32935611,mothbeans
40,49,17,31.02215872,45.89239456,6.68727523,53.56783314,mothbeans
38,56,25,25.74095321,45.38497051,7.88118645,67.43488235,mothbeans
27,43,23,31.70447482,56.85420099,5.875333778,44.94317432,mothbeans
24,38,22,24.47876451,58.51663927,8.202706015,34.96933295,mothbeans
23,45,21,31.46511256,51.79939437,8.985348193,74.44330654,mothbeans
29,57,20,25.60973447,50.7330069,5.87707519,53.39249517,mothbeans
31,35,23,30.30260453,47.18283631,7.707595055,68.04039813,mothbeans
0,55,25,28.17489437,43.6672299,4.524171562,45.78172762,mothbeans
7,45,22,25.50634557,44.8302551,9.926212291,74.32635105,mothbeans
17,58,25,31.12896766,43.58788762,6.455592696,32.76742894,mothbeans
11,44,17,26.34043268,55.59160391,8.016210782,35.1051197,mothbeans
22,49,22,28.23494706,61.5620517,3.71105919,72.66666443,mothbeans
9,51,19,27.04453473,49.32609633,5.49091063,48.25207759,mothbeans
28,48,15,25.16125354,55.25435777,9.254089438,40.89732789,mothbeans
26,50,19,27.3179125,51.66921088,6.005242945,32.55919573,mothbeans
36,56,20,25.4123765,49.66474269,7.437078236,31.87416982,mothbeans
8,60,18,31.21629982,46.01868196,3.808429173,53.1205277,mothbeans
24,37,21,30.573999,58.22686794,5.818219385,62.74803826,mothbeans
22,43,24,25.42517036,53.2208266,4.52363558,46.19374559,mothbeans
36,43,24,27.09400578,43.65305437,3.510404312,41.53749535,mothbeans
22,44,24,24.30935081,56.32938343,6.030447288,58.99536268,mothbeans
17,43,22,30.06142622,45.90067655,5.498340808,41.0550915,mothbeans
8,45,15,28.09568993,60.9835384,4.61136408,33.84110759,mothbeans
7,56,23,26.33908791,40.00933429,5.545219232,55.50429227,mothbeans
36,57,16,28.61409059,57.14218792,8.292875734,57.02891698,mothbeans
11,45,19,28.70012137,44.359648,3.828031463,44.11622138,mothbeans
6,36,22,24.21610338,59.79236306,8.869532817,42.24783476,mothbeans
17,57,20,28.50677929,45.20094476,3.793575185,66.1761456,mothbeans
4,47,20,25.97948991,64.95585424,4.193189124,72.19245835,mothbeans
9,49,16,30.88482722,41.36561835,7.661537348,55.053805,mothbeans
25,51,24,25.5042419,61.66852372,9.392694614,65.07981523,mothbeans
36,44,21,25.12528913,51.33189406,4.516154055,38.48678973,mothbeans
21,38,20,27.10508014,63.56791363,5.794289715,62.20279647,mothbeans
37,57,20,31.1006247,44.82069159,7.354286985,70.79934452,mothbeans
32,48,18,26.45707778,56.40226277,5.993513566,64.16167699,mothbeans
29,44,20,30.04132304,63.56222995,8.620107545,31.83192392,mothbeans
25,51,18,27.77799528,54.82130787,9.45949344,50.28438729,mothbeans
10,44,24,30.99256944,43.02151392,8.0344125,58.27600682,mothbeans
23,35,18,26.4908332,47.36534833,5.414492777,36.99362831,mothbeans
9,60,23,31.96987867,57.17377029,6.276004336,64.25520357,mothbeans
3,58,21,25.36140526,46.82652785,9.160691747,55.60523179,mothbeans
22,42,22,25.54249137,56.96640758,7.887658711,48.46797044,mothbeans
12,39,21,28.99319096,62.85948245,8.183844843,70.4713043,mothbeans
39,36,22,29.34317422,60.50320928,9.072011412,34.03335472,mothbeans
32,41,16,28.63618921,61.39451307,7.702287236,68.54877876,mothbeans
30,41,15,24.83206631,44.17085032,5.88509677,52.0810886,mothbeans
19,36,22,25.44689075,58.55363573,6.16496284,57.04826619,mothbeans
4,46,15,31.01274943,62.40392519,3.504752314,63.77192383,mothbeans
21,39,20,27.06179658,52.3003173,7.388007483,60.74583498,mothbeans
35,57,25,27.0956288,42.26206161,8.340398059,71.1271039,mothbeans
22,55,24,28.56800579,57.30636014,8.66077954,64.53027638,mothbeans
35,51,17,28.79929247,49.84213387,3.558822825,40.85534718,mothbeans
17,56,17,27.94293692,45.41393636,5.9565851,69.66289997,mothbeans
28,57,17,30.47757686,61.58245338,9.416003106,61.86633917,mothbeans
22,36,16,30.58139475,50.77148138,8.18422855,64.58559639,mothbeans
11,41,19,26.85911286,41.81420849,5.131779302,44.13827124,mothbeans
38,38,18,26.31051759,61.18749126,6.294130313,35.73403813,mothbeans
23,37,24,28.77833449,44.2252605,7.991902443,33.95825723,mothbeans
25,35,20,28.90245417,43.35365671,8.923095695,71.90018566,mothbeans
40,45,20,29.37687468,57.69622912,6.878498176,38.34303462,mothbeans
23,58,19,24.17093241,58.25204566,5.243634849,59.18953429,mothbeans
2,56,23,26.65333029,59.79023382,7.550090941,36.91852635,mothbeans
3,56,17,28.19912143,53.50567601,8.709291688,52.13580529,mothbeans
26,51,25,28.76488954,52.62741529,7.792508068,55.21606732,mothbeans
39,42,20,29.3499706,61.25353851,8.055908858,40.82840673,mothbeans
27,59,20,28.00937423,52.60950014,4.397698806,36.01203025,mothbeans
24,45,19,26.85851927,48.8246387,5.952384957,34.7426459,mothbeans
7,40,17,31.2123945,40.92604945,8.532078733,53.78769958,mothbeans
15,45,23,24.20422636,61.43378674,7.224193642,46.0203959,mothbeans
26,52,23,29.98835437,49.60384796,4.931890506,52.92929636,mothbeans
20,45,16,29.93964907,54.61813464,4.626212446,45.43669946,mothbeans
34,54,24,31.2119298,41.55934359,5.026003659,68.80141783,mothbeans
19,51,25,26.80474415,48.23991436,3.5253661,43.87801983,mothbeans
29,41,21,31.49398069,62.84916863,8.86979671,64.56807592,mothbeans
20,50,22,30.99694676,46.42693735,9.406887533,38.31597852,mothbeans
11,40,23,29.61253065,63.04749127,5.80428611,50.1978269,mothbeans
15,54,15,29.97604322,57.03184356,8.35495812,44.86052932,mothbeans
35,55,22,30.88883074,52.62696801,8.634929739,55.51932414,mothbeans
9,59,25,30.39321309,60.16299493,7.699200949,35.37493212,mothbeans
40,45,18,30.43683729,55.20522037,5.261285926,30.92014047,mothbeans
35,38,19,25.32688786,63.18180319,9.112771682,32.71129281,mothbeans
14,58,17,30.53684308,59.96664731,4.605700542,33.48919022,mothbeans
40,55,18,30.38257873,40.5926071,7.115994051,47.95406479,mothbeans
18,36,23,24.01825377,53.76623369,7.214078621,35.03404425,mothbeans
35,52,15,28.69841277,61.14754363,9.93509073,65.67591794,mothbeans
4,59,22,29.33743412,49.00323081,8.914074888,42.44054315,mothbeans
22,51,16,27.96583691,61.34900107,8.639586199,70.10472076,mothbeans
33,47,17,24.86803974,48.27531965,8.621514073,63.9187654,mothbeans
2,51,17,25.87682261,45.96341933,5.838508699,38.53254678,mothbeans
16,51,21,31.01963639,49.9767522,3.532008668,32.81296548,mothbeans
19,55,20,27.43329405,87.80507732,7.18530147,54.73367631,mungbean
8,54,20,28.3340432,80.77275974,7.034214276,38.7976407,mungbean
36,55,20,27.01470397,84.34262707,6.635968698,55.296354,mungbean
10,56,16,28.17432665,81.04554836,6.828187499,36.35720652,mungbean
22,56,17,29.87888063,87.32761241,6.89077995,44.75215854,mungbean
9,57,24,29.89232778,89.71503316,7.165121109,42.99498978,mungbean
34,59,23,28.56212158,83.24855855,6.935804256,56.48265193,mungbean
31,51,25,27.53592929,85.5701901,7.196774236,53.01899249,mungbean
0,49,18,29.68361658,87.93598094,6.990095452,41.82490236,mungbean
21,39,20,28.14448546,82.1193047,7.064782138,46.75690086,mungbean
28,35,22,29.53037621,86.73346018,7.156563094,59.87232071,mungbean
17,52,17,27.88352946,86.45147631,6.364967184,44.64407105,mungbean
24,42,23,28.22471276,82.35916228,6.428054409,44.01206619,mungbean
28,46,16,29.008124,84.96089355,6.664187809,45.91011391,mungbean
21,38,21,29.75538903,86.45193297,6.637677489,37.54602719,mungbean
34,60,25,29.78416743,85.16906976,6.79385576,40.77872823,mungbean
19,53,22,27.8640132,80.4513142,6.852884643,42.83053902,mungbean
31,58,15,27.11026483,84.96771717,7.121571293,51.52617423,mungbean
19,35,24,27.11030369,83.64274107,6.883308033,49.11964582,mungbean
24,53,17,28.95451232,89.07866095,6.421271178,57.65901369,mungbean
13,47,20,29.21780035,87.93724219,6.54450214,43.1386631,mungbean
31,53,16,28.7420098,85.81675947,6.452006451,48.54598575,mungbean
28,45,23,29.65021184,80.29868321,6.489259136,56.76278363,mungbean
31,37,21,27.23924995,86.404241,6.713410626,37.31236904,mungbean
33,60,15,28.95172351,81.67085323,6.510840928,56.51103293,mungbean
34,45,21,28.18837136,82.60629652,6.287380117,37.01110438,mungbean
13,57,25,28.30041493,86.20681554,6.86308576,50.47333854,mungbean
33,57,17,27.89636126,88.71782287,6.78415271,57.79863368,mungbean
32,57,22,28.6899851,87.50436797,6.769415888,44.56598352,mungbean
23,59,25,27.8262623,88.73100226,6.320768488,56.68833819,mungbean
35,41,18,28.70562673,81.59200689,6.705008504,59.87065439,mungbean
6,48,24,28.6362812,84.61431076,6.790736339,48.48319335,mungbean
29,36,25,28.28511547,88.4393979,7.130278657,48.56690235,mungbean
4,36,22,27.60887393,86.13316408,7.012740397,43.80041104,mungbean
10,59,22,28.60901145,86.99495766,7.155685016,36.94616965,mungbean
14,48,21,29.24598976,84.80084105,6.991242362,53.43228915,mungbean
8,50,21,28.62911222,89.1148059,6.218923893,50.49913241,mungbean
20,40,15,29.57329479,88.07505524,7.199495368,45.04467075,mungbean
36,43,22,27.82684262,87.16679147,6.389882166,58.37249772,mungbean
14,57,15,29.8757015,83.14796296,6.623438282,40.12044158,mungbean
11,60,23,27.33684386,88.50229102,7.033012777,51.09802625,mungbean
10,59,15,29.83040388,89.30428305,6.32400451,58.86687093,mungbean
7,60,25,28.2753171,82.76020821,6.397636709,56.04995423,mungbean
2,47,15,29.86860065,85.99127934,6.401455706,58.41394143,mungbean
20,45,22,29.5888162,89.9939693,6.904587016,54.96121262,mungbean
2,39,15,28.07219563,82.9116472,6.478557136,49.61865305,mungbean
27,40,24,27.84026517,89.99615558,7.063022095,52.84626009,mungbean
35,48,15,27.10818093,87.4512669,6.981758362,55.03723979,mungbean
4,59,25,27.68515114,81.94268594,6.227134139,54.62243308,mungbean
1,48,24,29.34594634,85.60472562,6.232836962,59.03629954,mungbean
36,43,21,28.36319404,84.8593608,7.140437859,52.93031105,mungbean
11,46,24,27.65280218,89.80650642,6.459252023,56.52558045,mungbean
34,47,19,27.31372793,85.44815232,6.568795404,53.15223123,mungbean
21,44,18,27.06909959,86.89934108,7.12851089,50.46746116,mungbean
17,58,20,28.06642822,85.91625451,6.42937879,39.23831035,mungbean
25,40,21,27.73329078,81.13903037,6.248900919,44.17580911,mungbean
2,38,18,27.53632932,89.92908171,6.619891498,45.48591922,mungbean
9,48,20,29.66461594,84.28187572,6.377568542,56.09542002,mungbean
37,49,25,29.9145443,85.85384444,6.415459592,41.39081525,mungbean
36,38,15,28.36363858,87.59810657,6.320662012,57.99524359,mungbean
40,58,15,29.46416042,87.60890009,6.978400282,43.15411472,mungbean
30,44,16,29.73013036,82.89166381,6.442335593,50.91511275,mungbean
1,59,23,27.46852989,87.17649,7.184398832,43.78420984,mungbean
9,48,22,27.77076285,87.09979549,6.402926221,49.50812624,mungbean
14,41,17,29.12939524,88.48312598,7.085982325,36.45012824,mungbean
35,52,19,27.10606808,89.89593328,6.698574085,37.45680611,mungbean
31,48,17,28.88078945,86.94206817,6.594739424,53.79732545,mungbean
4,41,20,28.14720892,83.8001509,6.647965508,37.44800463,mungbean
30,37,25,29.89129144,80.14487166,7.120032489,54.7960127,mungbean
9,35,20,27.41503453,80.98004661,6.91380932,40.53173216,mungbean
20,41,20,29.27308605,89.4875022,7.073048264,50.9246554,mungbean
37,50,23,29.65296893,88.48587386,6.5304707,56.01913159,mungbean
34,35,21,28.44524991,82.67639542,6.684381357,58.18713162,mungbean
14,37,15,27.96235681,83.97586797,6.581351374,48.9366954,mungbean
23,39,22,29.25649321,81.97952224,6.86483915,42.02483277,mungbean
5,45,21,28.36291385,88.00989267,6.487124217,43.05130077,mungbean
22,37,20,27.62749466,86.49366929,6.605733068,39.26137642,mungbean
40,51,17,28.66086349,86.12194568,6.860602782,50.01534317,mungbean
27,56,20,29.2114218,87.11497805,6.41874299,51.53848218,mungbean
31,40,22,29.40889385,86.16063492,6.365513634,53.35486977,mungbean
38,36,21,28.02952623,84.8845732,6.556372966,36.12042927,mungbean
6,37,17,28.08657178,80.35005927,6.760694228,38.14476781,mungbean
6,47,18,29.16174608,80.28038146,6.715276663,40.16545979,mungbean
24,44,17,29.8596912,80.03499648,6.666380512,50.66487502,mungbean
25,59,19,29.06631494,83.6869203,6.626629798,43.95183726,mungbean
32,56,21,27.38538997,88.66663953,6.702772465,58.29933073,mungbean
8,45,18,27.93034941,85.42058715,7.011030515,43.25095608,mungbean
19,39,17,29.2808618,81.8009244,6.890156495,44.47427436,mungbean
39,37,15,28.9973145,83.78911515,6.821747052,59.84499208,mungbean
33,37,19,27.92678579,86.5543196,7.183189922,43.4826194,mungbean
26,54,17,28.5474135,88.9570454,6.27258822,49.4897245,mungbean
21,51,15,29.36488409,89.1886954,6.679127482,48.30159325,mungbean
22,54,20,28.56149805,83.63802195,6.689825155,41.013132,mungbean
29,45,16,28.43683487,87.91332682,6.583381939,43.12063289,mungbean
4,40,21,28.79728147,80.45744422,6.725551062,44.30070517,mungbean
10,37,22,28.7275267,89.12760359,7.069747814,58.52974279,mungbean
4,44,19,27.95639663,83.52706038,6.921993878,43.25726752,mungbean
20,45,17,28.17458662,83.69659318,6.770955317,37.2464655,mungbean
23,45,23,28.77653519,86.69133979,6.983130466,56.12443206,mungbean
25,48,21,28.438097,83.48991368,6.267684328,52.55469976,mungbean
56,79,15,29.48439992,63.19915325,7.454532137,71.89090748,blackgram
25,62,21,26.73433965,68.13999721,7.040056094,67.15096376,blackgram
42,61,22,26.27274407,62.28814857,7.418650668,70.23207557,blackgram
42,73,25,34.03679184,67.21113844,6.501869314,73.23573601,blackgram
44,58,18,28.03644051,65.06601664,6.814410928,72.49507741,blackgram
50,55,16,28.81460716,65.33538112,7.581442888,62.26242533,blackgram
35,72,21,34.03619494,64.28791388,7.741418772,66.85510868,blackgram
30,64,20,33.8642935,61.57072498,6.573531614,68.02199825,blackgram
27,64,21,32.84213012,68.68401492,7.543804223,73.67166182,blackgram
50,74,17,27.10053268,63.36085585,6.5408208,73.84949872,blackgram
39,73,24,25.65842532,61.18235808,7.22405917,69.28607828,blackgram
57,67,25,32.34744009,66.61452812,7.551364319,64.55882254,blackgram
52,63,19,29.58949031,68.32176769,6.928898659,67.53021213,blackgram
55,66,22,30.91219459,68.79427388,7.747775263,66.63830637,blackgram
51,56,18,28.12787838,64.2097765,6.706505915,70.86340755,blackgram
36,66,15,30.08545364,69.34811988,6.668238556,67.1367443,blackgram
59,55,19,31.74379487,62.51007687,7.332375138,68.97097538,blackgram
50,58,23,27.81326852,62.50460464,7.596802025,69.75555541,blackgram
30,65,25,32.88733849,64.59457409,7.70650895,71.50569456,blackgram
20,62,18,29.36358721,64.98742947,7.366542647,61.91208707,blackgram
58,71,15,27.82592799,67.5861883,6.919243702,74.01229707,blackgram
25,71,24,28.49538735,60.44848407,7.187721818,74.91559514,blackgram
52,71,16,27.74274761,68.53997144,7.075886472,71.78615328,blackgram
40,63,18,30.41588462,67.66323804,6.74441168,63.02473185,blackgram
20,60,25,27.3254209,69.09047809,6.726469088,61.19250859,blackgram
48,61,21,30.28496619,61.69295127,6.628264883,65.62859526,blackgram
49,68,22,28.56840626,61.53278622,7.127064207,63.49726331,blackgram
48,62,15,25.36586097,66.6379724,7.538631462,65.81655892,blackgram
32,66,17,34.9466155,65.26774011,7.162357641,70.1415139,blackgram
21,63,22,25.09737391,67.72837887,6.859409487,74.61649888,blackgram
20,72,19,32.47648301,64.34848735,7.397190844,65.820457,blackgram
25,65,21,33.86351172,68.59232289,6.880245789,69.24464096,blackgram
41,78,21,25.19857725,60.37332688,6.581313137,70.88787207,blackgram
53,67,17,31.77681682,69.01852894,7.296972161,61.46892873,blackgram
39,60,21,34.89814946,63.59948557,6.97297656,64.72797143,blackgram
25,76,17,31.74105409,68.63525428,7.241148507,62.3061735,blackgram
21,78,19,27.16159076,66.76017239,6.92009048,69.85112265,blackgram
57,60,17,26.23773129,67.88521396,7.504608385,73.58663968,blackgram
56,75,15,30.20157245,60.06534859,7.152272256,66.37171179,blackgram
49,72,15,31.55846339,67.83563765,7.137004749,74.86960831,blackgram
24,80,19,29.67892453,69.0854554,6.808041722,65.66436565,blackgram
49,76,18,27.05365239,67.7017527,7.393631868,60.4693835,blackgram
28,68,19,34.63880966,61.38597868,7.69950698,72.43169115,blackgram
55,78,21,33.39438752,62.93692886,6.602888249,63.57445989,blackgram
50,64,25,28.84079155,63.37230676,6.734447425,70.25496749,blackgram
34,80,19,31.49338309,63.0563645,6.521217963,71.48327008,blackgram
20,68,23,25.54960633,63.95425534,7.707332484,63.1830529,blackgram
55,67,16,34.37329112,69.69366426,6.596719015,70.27184748,blackgram
23,70,15,34.6008247,63.11296779,7.403623355,60.41790253,blackgram
53,74,15,29.43463808,64.94329356,7.517097,72.17818157,blackgram
26,67,16,29.10713092,67.90577375,7.17620823,67.83345933,blackgram
33,80,22,28.57006111,65.71765781,6.593961761,70.0866434,blackgram
37,79,19,27.54384835,69.3478631,7.143942758,69.40878198,blackgram
33,75,21,33.04687968,68.93875631,6.690655045,62.30278274,blackgram
22,55,20,33.95309131,69.96100028,7.423530351,61.16350463,blackgram
20,68,17,30.11873003,60.11680815,6.578714843,71.72980375,blackgram
43,68,20,29.57812712,66.17587668,7.497469256,69.43895491,blackgram
44,76,22,27.26458947,68.01232937,7.775306272,68.91754359,blackgram
34,60,16,31.35730791,64.24992106,7.322555223,63.85668948,blackgram
21,72,17,31.52104732,66.55723677,7.580527339,61.71111448,blackgram
25,68,19,29.39982732,64.25510719,7.108450121,67.47677295,blackgram
41,62,15,29.38400259,64.14928485,7.358974541,65.24194361,blackgram
28,65,23,28.38686534,61.88871127,7.405176138,74.24459122,blackgram
35,64,15,28.47442276,63.53604453,6.500144962,69.5274407,blackgram
52,58,16,30.64095781,61.14508627,7.167435834,71.36947525,blackgram
58,75,25,25.25596239,61.36669662,7.261791753,68.64685069,blackgram
34,66,19,32.97030511,60.18122078,7.586642101,73.44678678,blackgram
52,70,16,33.66855394,66.60416867,7.534811833,67.32520551,blackgram
23,57,19,32.83963757,67.99803573,7.251000789,73.40452716,blackgram
42,58,25,27.45853567,62.90020977,6.513620918,69.46020927,blackgram
37,62,17,25.68576704,69.84354028,7.121254928,74.62068748,blackgram
44,75,22,30.0328403,64.14800537,7.574561547,71.21006868,blackgram
21,80,20,28.20667264,68.27085245,7.350869792,64.32887142,blackgram
56,76,16,28.27265858,61.18956161,7.513151076,63.29900785,blackgram
29,76,15,28.5417236,64.2020154,7.025607706,69.68862306,blackgram
43,61,20,26.87187036,61.61367264,6.804253866,63.51822045,blackgram
55,60,15,32.79766751,68.77994074,7.163043872,64.11411069,blackgram
44,63,15,26.42333018,64.51136845,7.338929556,63.46546487,blackgram
29,67,21,29.79181107,63.38789228,6.621323612,63.02169909,blackgram
47,63,16,27.44003279,67.10464369,6.661870999,72.50669768,blackgram
40,68,17,34.1262979,65.14877461,7.733149554,70.40795007,blackgram
58,61,15,30.94908189,64.23364112,7.402891666,62.78730907,blackgram
41,74,18,28.75751783,61.02701476,6.599147298,73.37686831,blackgram
58,79,17,27.24766491,66.10123083,7.04174124,62.31842057,blackgram
27,62,24,28.63005477,66.770943,7.353876754,62.2737345,blackgram
27,60,17,26.41768321,63.64698302,7.026795359,64.42177127,blackgram
52,65,20,32.81705216,66.15665137,6.814301033,68.83924882,blackgram
44,55,25,29.6321052,65.91359954,7.42160832,71.16331975,blackgram
21,62,24,33.49077065,62.73317204,6.847382891,65.45328463,blackgram
60,59,22,31.86847286,66.74217464,7.191522601,74.22238583,blackgram
33,77,21,30.32992227,65.62971858,7.01285529,71.64631281,blackgram
59,58,17,28.546224,66.31394098,7.368318809,62.83469851,blackgram
29,63,17,30.02629908,67.88811637,7.26154329,66.47264636,blackgram
59,63,18,31.65531175,60.13263713,6.52669158,66.69096751,blackgram
29,70,15,30.33499674,63.54718862,6.872594461,74.16699119,blackgram
58,73,16,33.36984395,65.67718163,6.874142175,64.89517488,blackgram
55,77,22,31.4345059,62.99303471,7.76061831,64.77651469,blackgram
42,79,23,27.71678273,63.29103387,6.781841984,68.56507978,blackgram
44,77,21,32.63918668,61.3009051,7.326980454,61.83876146,blackgram
38,62,25,32.7477393,67.77954584,7.453975408,63.37784443,blackgram
91,94,46,29.36792366,76.24900101,6.149934034,92.82840911,banana
105,95,50,27.33368994,83.67675197,5.849076099,101.0494791,banana
108,92,53,27.40053601,82.96221306,6.276800323,104.9378,banana
86,76,54,29.3159075,80.11585705,5.926824754,90.10978128,banana
80,77,49,26.05433004,79.39654531,5.519088423,113.2297373,banana
93,94,53,25.86632408,84.42379269,6.079178788,114.5357503,banana
90,92,55,27.00932084,80.18546798,6.13465588,97.32531705,banana
108,89,53,29.55054817,78.06762846,5.808497604,99.34482238,banana
108,88,55,26.28845991,83.390039,5.891458107,113.8729798,banana
105,77,52,29.16226551,76.16151562,5.816622479,100.0075679,banana
118,88,52,28.65003945,82.68752542,5.843163161,98.75084366,banana
101,87,54,29.07311132,76.50045221,6.376756633,100.1692639,banana
95,75,50,28.08166093,75.26429821,5.623615687,118.2761894,banana
106,85,53,27.1994597,78.8086068,5.91505509,99.72430835,banana
86,95,49,28.05484146,78.04602887,6.458714879,108.3957179,banana
83,79,55,25.14748006,83.34688193,5.565028635,98.66679427,banana
85,95,47,25.94019018,78.3422098,6.211833161,119.84797,banana
109,79,45,27.66752761,79.68542782,6.490074429,108.66464,banana
100,76,45,25.56703012,75.94067692,5.590236025,102.7867717,banana
117,86,48,28.6956201,82.54195839,6.225225239,116.1616839,banana
114,94,53,26.33544853,76.8532006,6.190757459,118.6858263,banana
110,78,50,25.93730186,78.89864446,5.915568968,98.21747528,banana
94,70,48,25.13686519,84.88394407,6.195152442,91.46442491,banana
80,71,47,27.50527651,80.79783998,6.156373499,105.0776992,banana
114,79,51,26.21009246,82.34429458,6.313197204,112.0700033,banana
88,78,45,29.10403455,79.19588629,6.324270089,92.07835761,banana
112,73,48,29.2440638,77.32017166,5.707488987,90.66727868,banana
117,76,47,25.56202173,77.38229006,6.119216009,93.10247183,banana
111,87,48,26.3985515,81.36028902,5.571401169,98.16752001,banana
89,83,47,28.09577643,77.79586769,5.63127166,109.5408614,banana
93,91,47,27.84767901,83.31110751,6.101241579,117.2878912,banana
92,81,52,27.39341554,81.4654833,6.438137279,94.31102057,banana
105,74,45,25.14517635,81.38204104,6.098369122,119.218154,banana
102,71,48,28.65456263,79.28693687,5.695267822,102.4633775,banana
94,91,51,29.16093424,76.67484233,5.618094446,109.575944,banana
116,71,47,27.57278064,82.0638878,6.435785799,91.34276507,banana
117,79,49,25.40909896,82.36208097,6.176644228,112.9794804,banana
119,72,55,25.99069521,83.33983116,6.220643671,112.0777152,banana
99,73,53,26.29039046,81.06003778,5.871702211,118.6730366,banana
91,84,52,29.14827211,78.71024836,6.390741836,117.536781,banana
80,90,47,26.59743595,79.35898915,6.21084479,107.3944717,banana
101,70,48,25.36059237,75.03193255,6.012696655,116.5531455,banana
108,89,53,29.12036889,80.18080728,5.908770059,112.3982055,banana
100,80,52,27.53911354,77.25629897,6.049801781,110.3262123,banana
109,91,53,29.66727337,83.51014178,6.010095853,110.2511102,banana
82,78,46,25.05802193,84.97323747,5.738678895,110.4408803,banana
106,70,55,25.86824781,78.52399914,5.74055541,116.3019555,banana
90,86,52,25.85036988,81.95580471,5.793260262,119.0856171,banana
83,95,50,26.51682337,77.79913575,5.50947065,108.8547508,banana
119,90,48,28.66725136,79.59242542,5.986442306,118.2583441,banana
107,72,45,28.14938935,81.54448882,5.790768046,91.40508414,banana
116,81,55,26.42313317,83.6995044,5.915546415,95.12322062,banana
101,75,50,26.59386409,81.40740301,6.242528278,109.9825551,banana
93,81,50,27.71822477,76.57853189,6.036079266,102.2099836,banana
95,75,45,28.98333432,82.95958244,5.829898502,109.022564,banana
107,71,55,29.42017919,83.96754496,6.088064451,117.229079,banana
83,94,47,27.39872329,81.10523402,6.469370954,112.1355384,banana
102,73,54,26.4020227,84.41007614,5.720726906,111.0162259,banana
86,79,45,27.81251452,82.69285419,5.80766417,99.20961514,banana
117,86,53,25.19640218,83.55829874,5.703381728,115.8586081,banana
111,79,53,28.31193338,75.77363772,6.165001278,119.695765,banana
95,74,50,25.90113128,80.47152737,6.002481605,110.10323,banana
91,75,55,27.48612983,76.11239849,6.212369363,109.2768851,banana
93,83,46,29.38254012,83.50423735,5.765308943,109.2486647,banana
92,85,51,29.22118628,81.08183635,5.740764682,108.8616474,banana
104,80,54,27.09062164,81.33506906,5.879119455,110.1331182,banana
103,72,51,26.12643374,81.81365007,6.099478745,104.4812858,banana
92,75,45,29.01207743,77.95192527,5.674403359,90.43495443,banana
93,85,49,27.96799119,79.28625709,5.694243847,119.4765557,banana
120,87,52,28.0764455,76.05522115,5.905494703,118.9923573,banana
108,72,46,25.16278237,84.97849241,6.110844721,90.94554618,banana
105,88,54,25.78749808,84.51194224,6.020445317,114.2005455,banana
98,79,50,25.34119774,84.47321314,6.435917308,91.06493353,banana
111,88,55,29.44795403,78.34971537,5.505393833,96.45042585,banana
97,74,45,26.47522633,78.51833782,5.677719902,113.1161095,banana
95,82,48,27.39489579,83.31172003,5.719014989,92.78133617,banana
89,91,55,25.08347445,80.261731,6.275572298,94.32961456,banana
89,85,55,26.6719835,76.48541655,6.275384607,91.73358569,banana
118,88,51,25.44926208,79.49221962,6.201911642,100.6619171,banana
101,92,45,28.22776705,80.6430384,5.758054257,98.00403016,banana
99,92,47,28.1279509,77.48247073,6.323933647,103.5045395,banana
82,77,46,28.9470467,82.1888998,5.901100841,95.83016448,banana
90,86,55,27.96236771,84.15403614,5.644486582,97.55986676,banana
95,88,52,28.00316034,78.90085998,6.235461772,94.68180316,banana
104,73,46,29.1400919,80.1190228,6.28236237,90.45142867,banana
102,73,52,27.9122104,83.36307683,6.356090905,90.24211529,banana
100,74,52,25.43480512,81.53977797,5.837258235,96.47800391,banana
94,89,48,28.55980972,84.51602322,5.653437902,111.0843029,banana
99,70,46,26.59580783,82.99556744,5.727469947,100.5123341,banana
112,87,48,27.19711623,77.3970629,6.200111068,99.46950465,banana
117,82,45,25.29391516,79.29122198,5.614471478,105.4220251,banana
96,86,51,29.90888522,76.98740841,6.257369799,91.99964712,banana
113,85,45,27.94972463,76.63713353,6.037430836,109.0921631,banana
105,93,46,25.01018457,78.76260938,5.760457558,108.3690513,banana
85,89,51,29.21144871,84.70189923,6.158164422,108.5501443,banana
108,94,47,27.35911627,84.54625006,6.387431383,90.81250457,banana
92,81,52,28.0106804,76.52808057,5.891413895,103.7040783,banana
110,71,54,28.67208915,82.20793613,5.725418961,94.37987496,banana
82,75,55,27.34585147,78.4873835,6.281069505,92.15524332,banana
117,81,53,29.50704598,78.20585613,5.507641778,98.12565829,banana
2,40,27,29.73770045,47.54885174,5.954626604,90.09586854,mango
39,24,31,33.55695561,53.72979826,4.757114897,98.67527561,mango
21,26,27,27.00315545,47.67525434,5.699586972,95.85118326,mango
25,22,25,33.56150184,45.53556603,5.977413803,95.70525913,mango
0,21,32,35.89855625,54.25964196,6.430139436,92.19721736,mango
20,19,35,34.17719782,50.62161586,6.113935087,98.00687989,mango
19,21,34,30.01592643,53.19212381,5.074272692,97.72843182,mango
18,17,31,31.74592134,45.16127859,5.667507706,93.75441586,mango
11,36,33,35.99009679,52.22780489,5.978634285,95.3713484,mango
30,28,30,31.86641378,52.19331595,5.064613314,98.46768642,mango
18,19,27,27.75518664,52.34605806,4.772385986,94.11213345,mango
23,23,27,34.72413192,51.4271781,5.161148592,97.31258083,mango
37,30,34,27.53907547,53.63549533,6.797779227,99.35408185,mango
11,27,30,27.69637763,48.5622488,6.39474303,89.85646496,mango
12,19,31,27.25373364,52.66319725,5.566704378,91.87312479,mango
3,28,33,30.33723921,48.88704844,5.755049971,94.42850522,mango
37,38,32,31.85744939,45.53106268,5.417340525,91.55845821,mango
26,37,30,35.39986338,49.45962621,6.166173834,97.41054011,mango
14,18,30,29.80747243,52.13797867,5.191265116,95.74606104,mango
40,16,35,34.16438906,54.16482251,4.954739564,98.33351125,mango
4,20,25,28.93270187,47.94053996,5.664587011,99.9834242,mango
36,25,33,27.98392787,53.33018851,5.548584852,99.61465679,mango
30,17,31,31.20478173,54.49960506,6.804437106,94.62954663,mango
28,37,28,32.13409675,50.52559148,6.097869767,98.63333684,mango
38,15,30,28.91862016,48.13974548,5.075504537,97.01331604,mango
12,37,30,31.09779147,47.41196659,4.546466109,90.28624348,mango
38,19,31,34.73823882,49.08864345,5.855119268,90.65022183,mango
8,33,29,29.98080499,49.48613279,6.442393461,91.82271568,mango
15,27,28,33.80398664,46.12866113,4.507523551,90.82549241,mango
34,16,25,30.07202564,50.96040505,6.10729559,92.09609766,mango
11,36,31,27.92063282,51.77965917,6.47544932,100.2585673,mango
33,29,34,31.40948821,49.21729127,6.832979509,92.99739415,mango
12,31,26,35.7877738,51.94190321,5.395275719,100.2160615,mango
12,34,28,33.36140093,45.02236377,6.13526938,98.81596545,mango
5,16,31,35.96054636,48.69677802,4.555688532,98.00644238,mango
1,30,29,28.33333307,51.39586505,6.434197756,91.67241761,mango
16,35,31,32.27652024,50.19368841,5.316875978,95.99487068,mango
35,18,26,31.99490489,50.84881347,5.279388967,97.38741498,mango
4,40,26,27.58258929,48.56916221,6.720041791,95.8445641,mango
9,29,34,29.38471637,45.88744691,5.72742254,100.8124659,mango
2,38,33,32.38697531,53.2328243,4.691396195,90.21633216,mango
26,32,32,30.91471455,49.92963856,6.810186079,90.14047759,mango
34,38,31,35.37775595,45.58110023,6.454045329,97.41586402,mango
5,32,33,32.32362177,52.5896771,5.842763773,93.36718816,mango
31,29,26,28.22373428,47.40519056,5.024124684,97.76832322,mango
34,34,35,27.27433181,47.16808054,6.422710539,95.257992,mango
36,19,32,27.10710832,50.70880979,4.94295037,92.37238878,mango
7,17,26,34.89226666,48.75613373,6.414526606,91.63074547,mango
38,15,27,33.7462686,48.50387598,6.777788126,92.26439205,mango
5,19,25,27.3511056,54.43945147,6.441328044,96.27792547,mango
37,36,26,32.89300162,52.61323969,4.650536197,94.49161372,mango
21,31,32,35.38598705,51.42664176,5.254532213,90.29643888,mango
37,36,27,27.5529736,47.90859131,5.910634533,90.40332704,mango
23,23,30,32.82141065,47.45553843,4.755273631,90.89173106,mango
36,26,26,30.17294105,51.0845903,6.814630246,95.23444287,mango
24,33,35,29.26382931,54.82257868,5.342866119,100.7586226,mango
26,18,30,32.06097197,51.08494181,6.336234624,96.59816497,mango
22,17,26,28.69818144,47.71875722,4.754435025,99.642454,mango
11,34,32,29.14305008,49.40983294,6.831706773,97.55155537,mango
29,35,28,28.3471611,53.53903102,6.967417766,90.40260445,mango
22,28,26,27.67256197,45.41692012,4.947683034,92.84991507,mango
23,24,32,28.1218093,46.16888595,5.630619901,93.30247448,mango
1,35,34,30.79375683,46.69536813,6.27339822,92.21318555,mango
2,24,34,28.89409382,54.80750249,6.472774648,94.76322976,mango
39,37,25,33.33024826,45.61143594,6.953246506,98.28583013,mango
15,36,27,27.78912455,53.96886679,5.643710216,91.01152997,mango
3,18,31,31.65333432,48.20662669,6.392313973,91.09745581,mango
8,38,32,29.75150773,46.73723302,4.981816523,91.405983,mango
33,31,34,31.32995611,50.22287593,5.421265283,89.78216168,mango
14,29,32,35.63627319,48.97047762,6.942520105,97.51952041,mango
18,20,26,31.66524687,51.98594645,5.435840509,89.98024312,mango
9,21,32,32.26935342,53.56092806,5.870116071,95.94035356,mango
20,30,27,27.81005614,51.59445462,4.74910393,95.89898581,mango
9,38,25,34.58561471,50.34035336,5.497946899,100.3060719,mango
26,24,34,31.27180992,52.23810152,6.811291098,89.74409017,mango
31,36,29,33.93679864,52.72170281,6.460542749,97.4611918,mango
14,18,35,31.09154239,47.02058367,4.791146778,91.46664318,mango
40,16,35,31.89356292,49.02450149,6.4841522,89.59371481,mango
28,27,34,32.45465292,50.69693751,6.526654345,95.04871605,mango
0,17,30,35.47478322,47.97230503,6.279133738,97.79072474,mango
1,29,29,27.32961444,49.30347234,6.052026047,93.53197359,mango
2,36,31,30.90225239,49.95955487,5.73171945,91.77522598,mango
12,27,26,29.09382275,45.5661059,5.32307197,96.23520043,mango
7,28,35,30.02086169,46.78393776,4.66910839,96.63721027,mango
0,36,26,34.13072188,51.25786185,5.101206389,96.38808001,mango
26,35,31,33.44619894,53.05980465,5.339556562,98.05089394,mango
27,21,30,35.3915464,52.48823147,5.061081874,91.22881052,mango
22,38,31,31.53356352,53.06009323,5.821106036,98.57025046,mango
22,18,31,30.7645515,47.93791463,5.956027059,90.38503469,mango
28,23,28,30.01821337,50.0983181,5.676032581,96.08745082,mango
7,31,27,31.32863689,47.59319575,6.524114355,94.67344737,mango
29,34,26,33.88004781,54.39416048,6.273953676,89.29147581,mango
8,37,33,28.07802689,54.9640534,6.128167757,97.45373619,mango
39,16,27,35.53845018,52.94641947,4.934964765,91.54560427,mango
40,24,25,28.70595247,50.44030129,5.445008416,95.8946444,mango
19,38,26,31.48451729,48.77926304,4.525722333,93.17221967,mango
21,21,30,27.69819273,51.41593238,5.403908328,100.7720705,mango
22,18,33,30.41235793,52.48100602,6.621623545,93.92375879,mango
31,20,30,32.17752026,54.01352682,6.207495815,91.88766069,mango
18,26,31,32.6112614,47.74916499,5.418475257,91.10190759,mango
18,30,29,26.7627493,92.86056895,6.420018717,224.5903664,coconut
37,23,28,25.61294367,94.3138837,5.740054567,224.3206759,coconut
13,28,33,28.130115,95.64807631,5.686972967,151.0761899,coconut
2,21,35,25.02887163,91.53720922,6.293662363,179.8248944,coconut
10,18,35,27.79797651,99.64573002,6.381975465,181.6942283,coconut
7,11,32,29.25902906,95.11294697,5.542169139,184.7624496,coconut
39,5,31,27.10134661,93.69979946,5.551963184,150.9502632,coconut
34,6,27,25.84726298,90.92669463,5.860740481,147.8888994,coconut
31,30,29,26.58580443,90.98617591,5.558807063,178.811607,coconut
25,7,35,28.38503882,99.18843684,5.55771171,189.6711349,coconut
16,18,26,28.43647052,91.81320717,5.568365926,145.5414413,coconut
26,10,33,28.27298134,96.93649473,6.07071786,198.8234862,coconut
27,8,32,27.00648436,96.46168931,5.627860549,144.3331315,coconut
37,18,30,27.63551259,99.34854917,6.38488418,157.9171537,coconut
19,15,34,26.29644905,99.65809151,5.685889066,215.9195049,coconut
0,19,33,27.1326009,95.23797989,6.234458417,204.7206567,coconut
31,20,26,25.56567803,97.61361544,6.443168642,199.7936345,coconut
9,17,32,25.94951662,93.40548703,5.842317989,172.0540491,coconut
22,11,29,28.03380598,95.01630593,5.955742971,218.0055713,coconut
31,6,26,29.12859129,91.30924833,5.741367375,157.2388553,coconut
34,6,30,27.0828252,97.00155491,5.948342571,171.757554,coconut
24,6,32,28.11321494,90.01734526,6.387067562,172.4813641,coconut
1,8,26,27.5136304,94.18955816,5.562911913,156.6732553,coconut
31,13,33,27.63834933,95.48763389,5.85971872,205.5463111,coconut
10,9,28,29.01256899,94.01014388,6.282955073,150.0500312,coconut
36,27,26,26.58413917,95.78923137,6.25449571,171.6262299,coconut
38,24,33,28.28905147,97.00396405,5.973853124,142.9403233,coconut
11,6,25,28.69164799,96.65248672,6.081568052,178.9635457,coconut
16,14,30,29.70931288,96.30484325,6.37466756,209.8453993,coconut
33,14,35,27.14865285,96.66355213,6.027707171,149.2433497,coconut
16,6,29,29.28725038,91.95614918,5.868285082,132.1491176,coconut
32,11,31,25.06871967,93.31410447,6.205931638,134.8419069,coconut
38,14,30,26.92449525,91.20106019,5.570745386,194.9022136,coconut
8,6,33,28.27804288,93.64761266,6.095261013,171.9457959,coconut
23,6,33,29.18032562,92.73041222,6.025789594,204.9603677,coconut
29,25,35,28.3575072,91.64509299,5.542873799,160.7306991,coconut
24,14,33,29.38072512,93.27565685,6.366219551,218.5241851,coconut
32,12,30,25.39241091,98.08951196,5.579845008,218.080385,coconut
30,25,31,26.31270635,98.62048026,5.804965067,208.118138,coconut
14,21,35,29.52501367,91.91185319,6.121005506,194.3100272,coconut
27,22,29,28.83214859,92.17170353,6.000248647,145.4172387,coconut
40,5,29,28.48444906,97.76865458,5.820978791,160.389421,coconut
17,11,32,28.74013335,93.39676499,5.620733794,156.7650823,coconut
30,30,35,25.00872392,95.59224018,6.001936419,165.8092179,coconut
28,10,30,29.8690834,91.14723422,6.305740522,192.7678575,coconut
39,7,29,27.54273211,94.59086121,6.362544111,150.20121,coconut
32,20,35,26.52166434,98.38227669,5.588655387,144.6261698,coconut
7,15,32,25.03512351,95.89739958,6.182232762,174.796583,coconut
29,17,29,29.20394909,95.66997327,5.959493188,211.2506267,coconut
34,15,34,27.05826457,91.10510371,5.677282678,224.7006953,coconut
14,23,25,26.18552389,96.96637916,5.612122797,135.4186222,coconut
18,19,29,27.59376845,92.48519606,6.206077742,162.8432736,coconut
7,21,35,25.76011662,94.65830608,5.764812076,131.2451414,coconut
24,27,34,28.87862994,95.11320315,6.203376525,145.0583117,coconut
39,29,29,26.50908611,94.48414544,6.143662699,199.8778403,coconut
29,8,28,26.87037587,91.72546257,6.100429497,214.4128874,coconut
10,24,27,27.57283516,94.90485697,5.708409601,145.9298935,coconut
0,29,32,28.05912437,98.3670985,5.868255858,171.65163,coconut
32,11,31,29.51611558,92.56492864,6.461225827,131.2116167,coconut
37,10,32,28.96318258,95.16333673,6.165084855,222.803013,coconut
20,29,27,25.09897688,92.36099489,6.047044342,157.7592626,coconut
31,29,35,27.1872282,92.19906776,6.137102505,141.3220576,coconut
17,30,27,29.03065024,90.79093862,5.894027065,205.5720367,coconut
1,12,30,27.754298,95.94643831,5.56222383,131.0900076,coconut
6,13,29,27.31155708,99.96906006,5.832608028,201.8258633,coconut
15,28,32,28.84270971,99.64328526,6.218571874,224.4016682,coconut
27,24,29,26.61423461,96.97300803,6.142010637,191.006688,coconut
3,23,30,29.70143197,95.65754365,6.078807239,215.19680,coconut
8,26,26,25.54759871,91.64194826,5.702484758,212.867626,coconut
20,28,26,26.37978453,91.49882979,5.547594847,167.0470997,coconut
26,18,27,27.45907759,92.90736493,5.836075368,142.1430003,coconut
1,6,35,27.02269204,95.71935435,6.231662767,147.1682459,coconut
27,30,31,28.98545306,90.73966792,5.718120393,148.8398374,coconut
23,7,34,26.1055118,91.52421214,5.852038202,134.1279669,coconut
0,26,31,25.0707247,95.02156793,5.547933273,192.9036306,coconut
38,6,25,25.54963273,96.92786777,6.156259104,191.299615,coconut
25,12,26,28.56973521,95.67906668,6.436314406,134.8370348,coconut
40,5,32,26.07010807,96.7036223,5.981169595,143.533473,coconut
0,19,31,25.51791333,94.38420565,6.271952833,178.7297725,coconut
26,9,32,25.9490364,94.73860514,6.470465614,144.1571109,coconut
35,30,34,28.2974764,95.41122824,6.141502001,182.4482352,coconut
19,30,30,29.56549169,91.40896307,5.826381164,224.8315729,coconut
31,13,33,29.69952329,95.21224392,6.342463714,148.3003692,coconut
17,29,26,26.14162144,93.28415295,6.071897347,195.4115025,coconut
2,30,30,26.00175125,94.79998418,6.331051715,209.540094,coconut
30,13,25,27.15116142,91.48889469,6.413184638,164.9182225,coconut
8,15,33,28.97318719,98.09861043,5.50158009,213.9011021,coconut
18,12,35,26.13958446,96.38580769,6.338720873,131.3387935,coconut
8,28,30,25.51618488,94.33465411,6.015672239,135.1272491,coconut
40,22,29,27.55821802,99.98187601,5.735364307,174.6256481,coconut
27,10,33,27.81132822,97.48410555,6.465906333,154.0621221,coconut
21,20,31,25.60033702,99.7240104,5.855457599,165.8248732,coconut
3,9,35,26.91641934,99.84671638,6.318552973,225.6323656,coconut
22,16,27,29.1797902,90.27214288,6.006784979,188.9252083,coconut
27,8,30,26.44600063,98.29937782,6.008386283,221.225816,coconut
22,8,33,28.43572863,95.8840407,5.665785202,203.9283708,coconut
28,27,32,28.94099669,93.00109012,5.764615485,191.7723087,coconut
23,21,26,26.45488737,93.45042636,5.901495544,149.2220255,coconut
37,5,34,25.79490531,93.84150618,5.779032666,152.4238712,coconut
19,26,29,26.93141945,98.80313612,5.67154928,166.5712879,coconut
133,47,24,24.40228894,79.19732001,7.231324765,90.8022356,cotton
136,36,20,23.09595631,84.86275707,6.925412377,71.29581071,cotton
104,47,18,23.9656349,76.97696717,7.633437412,90.75616738,cotton
133,47,23,24.88738107,75.62137159,6.827354668,89.76050416,cotton
126,38,23,25.36243778,83.63276077,6.176716425,88.43618918,cotton
126,50,19,24.69457084,81.7358876,6.628722836,78.58494391,cotton
113,41,20,25.0017188,80.53965818,7.256877571,96.32600992,cotton
121,45,22,22.45942937,81.30681027,6.443785385,64.23026638,cotton
121,47,16,23.60564038,79.29573149,7.723240151,72.4980088,cotton
129,60,22,24.58453146,79.12404171,5.947448589,71.94608134,cotton
107,45,25,23.0865933,83.55546146,7.227745516,71.84080724,cotton
122,59,18,23.5000992,83.63488952,6.219469084,79.81328183,cotton
140,38,15,24.1472953,75.88298598,6.021439523,69.91563467,cotton
102,49,21,24.69315538,84.84422454,6.253343655,89.799462,cotton
111,40,25,24.484692,84.44932014,6.187455799,90.94342484,cotton
131,35,18,24.49112609,82.24415809,7.057693366,64.02949379,cotton
135,43,16,23.47986888,81.73049149,6.720449769,86.76287924,cotton
100,46,18,24.18586246,76.04203958,6.431689506,69.08056728,cotton
123,39,24,25.00755095,78.17952126,7.453106264,86.06411872,cotton
117,56,15,25.99237426,77.0543546,7.368258226,89.1188212,cotton
121,36,24,23.66457347,81.69105088,7.352401887,99.3689837,cotton
101,58,18,25.66891439,81.38103349,6.652143699,78.59595817,cotton
107,42,24,22.04612876,84.62978302,6.144631795,86.00758678,cotton
100,41,22,22.4204752,84.55794703,7.318802162,93.46595573,cotton
125,39,21,25.03149561,82.21276599,7.954629324,95.0191318,cotton
105,60,23,23.53371386,77.21705554,6.207652157,87.54004943,cotton
102,46,19,22.77076388,82.5993307,6.631005298,81.49543437,cotton
131,49,22,25.49848236,79.9751579,7.306918817,67.05961949,cotton
139,35,15,25.248679,83.4630147,5.898293044,86.55517751,cotton
108,36,19,22.78249615,77.51235009,7.238566893,64.61444234,cotton
118,45,23,23.37044424,77.43198948,7.977651226,71.67870701,cotton
107,51,22,24.86560781,78.22080815,5.983075895,79.56866268,cotton
125,60,17,24.14386157,84.51591287,6.785723961,80.36146974,cotton
113,37,20,25.03300222,79.04368718,7.393441155,97.10087029,cotton
131,52,16,23.65724079,84.47601498,6.486068274,88.54479121,cotton
115,48,16,25.54359718,84.09229796,7.175934962,88.94245493,cotton
113,38,25,22.00085141,79.47270984,7.388265888,90.42224164,cotton
111,41,18,23.64328417,78.1258666,6.10539819,80.9615733,cotton
111,53,19,23.96436009,78.02763149,6.419536555,84.6314885,cotton
122,48,16,24.65425757,75.6350708,6.307585854,61.82980133,cotton
108,46,17,24.3017998,84.87668973,6.93221485,65.0247867,cotton
132,41,22,24.29144926,81.02453404,7.810865753,90.4169463,cotton
103,42,17,24.29470232,84.61527627,6.527541661,81.05902285,cotton
133,50,25,25.72180042,81.19666206,7.569454601,99.93100821,cotton
127,37,18,24.87663664,76.30050373,7.041065585,91.9223468,cotton
110,39,25,22.60612115,77.34264002,7.208795456,75.136172,cotton
131,38,19,23.86814008,75.68339729,6.814341946,90.4547185,cotton
108,38,24,23.41022496,76.43836957,7.442217061,78.8219960,cotton
122,40,17,24.96440768,81.31677618,6.854558957,80.03995829,cotton
111,50,15,25.16820129,80.30351815,7.884550475,84.62419032,cotton
140,40,17,22.72767171,77.07598065,6.006085786,77.55176318,cotton
100,40,20,22.45145981,76.25674874,7.432043735,86.84998693,cotton
123,50,16,23.04920461,75.53835214,6.498052108,70.65644296,cotton
107,36,21,25.29250148,75.66653335,6.205263534,62.64174227,cotton
118,50,19,22.95604064,82.33733678,6.360812227,66.48339303,cotton
103,51,20,22.80213132,84.14668447,7.046607434,91.6389565,cotton
133,57,19,23.54234715,75.98203329,7.947011366,84.12536744,cotton
129,47,20,24.41212325,80.80343786,6.281913858,98.604573,cotton
116,52,19,22.94276687,75.37170612,6.114525877,67.08022574,cotton
114,40,23,25.53676123,81.13668716,6.753978061,95.426259,cotton
131,60,17,25.32023717,81.79475917,7.425041316,83.46532547,cotton
107,43,18,22.426733,81.53480799,6.745104394,65.54475812,cotton
123,44,21,25.78544484,75.00539324,7.641116569,91.39578861,cotton
112,49,25,25.68959532,77.90621048,6.470135478,66.19426787,cotton
119,44,15,22.14593688,82.8597549,7.091992365,60.65381719,cotton
130,59,19,25.07278712,82.50257909,6.520403794,93.51042684,cotton
127,53,24,22.21506982,76.17851932,6.127939628,70.4055761,cotton
134,52,18,23.9643129,76.59175937,7.994679507,76.130906,cotton
109,36,18,25.40059227,76.53237965,7.524707577,62.513886,cotton
100,48,17,23.7805123,83.03878838,7.827877818,66.26555904,cotton
132,52,19,24.16402322,76.7433897,6.436691764,61.94626051,cotton
102,37,25,25.31468463,77.91757121,5.907930899,72.82902109,cotton
111,39,22,22.60361557,80.3509046,6.135025006,88.57395505,cotton
117,51,15,22.9535715,78.71555832,6.044556594,99.75336197,cotton
136,36,24,22.74446976,80.41198458,7.59781958,90.07326633,cotton
134,56,18,23.80834611,83.91902605,6.691268104,70.9735830,cotton
112,54,15,25.46228792,81.56641891,6.175492306,76.88582484,cotton
105,56,15,25.96779712,81.97904282,7.272316209,74.1416904,cotton
140,45,15,25.5308271,80.04662756,5.801047545,99.39557151,cotton
126,46,25,24.43847399,81.69801729,6.757457943,60.79645852,cotton
106,49,24,23.03887865,76.47039772,6.983395573,90.64770699,cotton
121,53,19,23.51308653,76.72621429,7.976889498,80.11272117,cotton
108,60,17,22.75805656,76.75768356,6.558902588,97.76600619,cotton
116,56,17,24.71252544,77.7293114,7.979090365,85.24963302,cotton
100,52,19,23.45969093,82.44777468,7.903528673,93.5015355,cotton
129,43,16,25.5503704,77.85055621,6.73210948,78.58488484,cotton
118,44,23,22.08458267,82.82904143,6.691690476,67.06459777,cotton
117,43,25,24.68854799,78.51206972,7.839849298,69.31153566,cotton
126,37,21,25.84997269,84.16855231,6.61448588,77.03421249,cotton
120,48,16,22.46054478,75.40989245,7.456971816,71.85436078,cotton
102,45,16,23.65629976,77.52425987,7.2942193,74.8984994,cotton
131,56,20,22.00817088,81.83896111,7.762647875,92.23645249,cotton
114,40,17,24.32630461,80.13456404,6.363406102,69.45072055,cotton
101,37,18,22.92360984,82.68738535,7.63737841,92.91915074,cotton
106,46,20,23.43821725,78.63388824,6.200671976,81.15072105,cotton
113,38,20,22.10718988,78.58320116,6.364729934,74.94136567,cotton
102,53,21,23.03814028,76.11021529,6.913678684,91.49697481,cotton
110,39,18,24.54795322,75.39752705,7.766259769,63.88079866,cotton
107,58,15,23.73868041,75.77503808,7.55606399,76.63669195,cotton
120,60,15,22.31871914,83.86129998,7.288377241,65.35747011,cotton
